{"cameraMode":{"drawMode":0,"name":"Shaded","section":"Shading Mode"},"sceneLighting":true,"audioPlay":false,"sceneViewState":{"showFog":true,"showMaterialUpdate":false,"showSkybox":true,"showFlares":true,"showImageEffects":true,"showParticleSystems":true},"in2DMode":false,"pivot":{"x":-7.150332450866699,"y":2.743745803833008,"z":-6.923317909240723},"rotation":{"x":0.35644349455833437,"y":-0.014014572836458683,"z":0.005345626268535852,"w":0.9341999888420105},"size":8.97883129119873,"orthographic":false}