{"cameraMode":{"drawMode":0,"name":"Shaded","section":"Shading Mode"},"sceneLighting":true,"audioPlay":false,"sceneViewState":{"showFog":true,"showMaterialUpdate":false,"showSkybox":true,"showFlares":true,"showImageEffects":true,"showParticleSystems":true},"in2DMode":false,"pivot":{"x":-0.7448774576187134,"y":7.580098628997803,"z":2.726764678955078},"rotation":{"x":0.22334353625774384,"y":0.023693863302469255,"z":-0.005430998280644417,"w":0.9744421243667603},"size":16.85975456237793,"orthographic":false}