{"cameraMode":{"drawMode":0,"name":"Shaded","section":"Shading Mode"},"sceneLighting":false,"audioPlay":false,"sceneViewState":{"showFog":true,"showMaterialUpdate":false,"showSkybox":false,"showFlares":true,"showImageEffects":true,"showParticleSystems":true},"in2DMode":false,"pivot":{"x":-9.126029968261719,"y":3.2968521118164064,"z":15.39657211303711},"rotation":{"x":-0.1649584174156189,"y":0.8017175197601318,"z":-0.25752779841423037,"w":-0.5135351419448853},"size":85.13357543945313,"orthographic":false}